iteration,direction,level_index,PE,h2d_time_seconds,d2h_time_seconds,cycles,kernel_time_us
0,down,0,PE2_2,0.00017452239990234375,1.554042100906372,9796,11.524705882352942
0,up,0,PE2_2,0.00011396408081054688,1.1736135482788086,8173,9.61529411764706
0,down,0,PE2_2,0.00019049644470214844,1.5146849155426025,9796,11.524705882352942
0,up,0,PE2_2,0.00011992454528808594,1.147348403930664,8173,9.61529411764706
1,down,0,PE2_2,0.00016498565673828125,1.5154240131378174,9831,11.565882352941177
1,up,0,PE2_2,0.00012040138244628906,1.1585419178009033,8173,9.61529411764706
2,down,0,PE2_2,0.00015544891357421875,1.5181150436401367,9831,11.565882352941177
2,up,0,PE2_2,0.0001304149627685547,1.1926257610321045,8173,9.61529411764706
0,down,0,PE2_2,0.00018453598022460938,1.5396854877471924,9796,11.524705882352942
0,up,0,PE2_2,0.00011324882507324219,1.1482024192810059,8173,9.61529411764706
1,down,0,PE2_2,0.0001480579376220703,1.5054574012756348,9831,11.565882352941177
1,up,0,PE2_2,8.296966552734375e-05,1.145117998123169,8173,9.61529411764706
2,down,0,PE2_2,0.00018095970153808594,1.5069210529327393,9831,11.565882352941177
2,up,0,PE2_2,0.00010037422180175781,1.1414635181427002,8173,9.61529411764706
0,down,0,PE2_2,0.00022840499877929688,1.7391884326934814,9796,11.524705882352942
0,up,0,PE2_2,8.535385131835938e-05,1.304145336151123,8173,9.61529411764706
1,down,0,PE2_2,0.0001823902130126953,1.7637901306152344,9831,11.565882352941177
1,up,0,PE2_2,0.00010323524475097656,1.2832961082458496,8173,9.61529411764706
2,down,0,PE2_2,0.0002028942108154297,1.7235195636749268,9831,11.565882352941177
2,up,0,PE2_2,0.00012803077697753906,1.2550199031829834,8173,9.61529411764706
0,down,0,PE2_2,0.00017881393432617188,1.5297768115997314,9869,11.610588235294117
0,up,0,PE2_2,9.799003601074219e-05,1.1686036586761475,8175,9.61764705882353
1,down,0,PE2_2,0.0001437664031982422,1.5467767715454102,9904,11.651764705882353
1,up,0,PE2_2,8.749961853027344e-05,1.2443761825561523,8175,9.61764705882353
2,down,0,PE2_2,0.0001430511474609375,1.5303692817687988,9904,11.651764705882353
2,up,0,PE2_2,0.00010514259338378906,1.1961722373962402,8175,9.61764705882353
0,down,0,PE2_2,0.0002155303955078125,1.7718958854675293,9869,11.610588235294117
0,up,0,PE2_2,0.0001404285430908203,1.2414569854736328,8175,9.61764705882353
1,down,0,PE2_2,0.0001876354217529297,1.7923130989074707,9904,11.651764705882353
1,up,0,PE2_2,0.00011157989501953125,1.2639317512512207,8175,9.61764705882353
2,down,0,PE2_2,0.00015854835510253906,1.6011359691619873,9904,11.651764705882353
2,up,0,PE2_2,9.751319885253906e-05,1.2915866374969482,8175,9.61764705882353
0,down,0,PE2_2,0.0003101825714111328,1.5297064781188965,9869,11.610588235294117
0,up,0,PE2_2,8.368492126464844e-05,1.1502206325531006,8175,9.61764705882353
1,down,0,PE2_2,0.00014591217041015625,1.5341684818267822,9904,11.651764705882353
1,up,0,PE2_2,0.00010395050048828125,1.1699628829956055,8175,9.61764705882353
2,down,0,PE2_2,0.00016021728515625,1.5316720008850098,9904,11.651764705882353
2,up,0,PE2_2,0.00010395050048828125,1.1726422309875488,8175,9.61764705882353
0,down,0,PE2_2,0.00023174285888671875,1.6350762844085693,9796,11.524705882352942
0,up,0,PE2_2,9.489059448242188e-05,1.6265246868133545,8173,9.61529411764706
1,down,0,PE2_2,0.0002849102020263672,1.749542474746704,9831,11.565882352941177
1,up,0,PE2_2,0.00010991096496582031,1.3022143840789795,8173,9.61529411764706
2,down,0,PE2_2,0.0002129077911376953,1.7125999927520752,9831,11.565882352941177
2,up,0,PE2_2,0.00011515617370605469,1.3453660011291504,8173,9.61529411764706
0,down,0,PE2_2,0.0001678466796875,1.6468613147735596,9796,11.524705882352942
0,up,0,PE2_2,0.00012040138244628906,1.3091866970062256,8173,9.61529411764706
1,down,0,PE2_2,0.0001952648162841797,1.6770288944244385,9831,11.565882352941177
1,up,0,PE2_2,0.00010013580322265625,1.3153762817382812,8173,9.61529411764706
2,down,0,PE2_2,0.0002105236053466797,1.8049635887145996,9831,11.565882352941177
2,up,0,PE2_2,0.00013136863708496094,1.371264934539795,8173,9.61529411764706
0,down,0,PE10_10,0.00021314620971679688,11.003053188323975,9710,11.423529411764706
0,up,0,PE10_10,0.00013685226440429688,9.655380249023438,8190,9.63529411764706
1,down,0,PE10_10,0.00036215782165527344,11.630882740020752,9710,11.423529411764706
1,up,0,PE10_10,0.0001647472381591797,9.932364225387573,8190,9.63529411764706
2,down,0,PE10_10,0.00029587745666503906,13.362006425857544,9710,11.423529411764706
2,up,0,PE10_10,0.0001595020294189453,11.341065406799316,8190,9.63529411764706
0,down,0,PE2_2,0.00019049644470214844,1.9849913120269775,9796,11.524705882352942
0,up,0,PE2_2,0.00013780593872070312,1.6381511688232422,8173,9.61529411764706
1,down,0,PE2_2,0.00022554397583007812,1.8568928241729736,9831,11.565882352941177
0,down,0,PE2_2,0.00026988983154296875,1.738405466079712,9796,11.524705882352942
0,up,0,PE2_2,0.0001347064971923828,1.4717190265655518,8173,9.61529411764706
1,down,0,PE2_2,0.0002338886260986328,1.8160583972930908,9831,11.565882352941177
1,up,0,PE2_2,0.00011968612670898438,1.5318450927734375,8173,9.61529411764706
2,down,0,PE2_2,0.0002129077911376953,2.067974090576172,9831,11.565882352941177
2,up,0,PE2_2,0.0001361370086669922,1.526759386062622,8173,9.61529411764706
0,down,0,PE2_2,0.0001842975616455078,1.695885181427002,9796,11.524705882352942
0,up,0,PE2_2,0.00025653839111328125,1.5294218063354492,8173,9.61529411764706
1,down,0,PE2_2,0.00017261505126953125,2.0746161937713623,9831,11.565882352941177
1,up,0,PE2_2,9.72747802734375e-05,1.4683279991149902,8173,9.61529411764706
2,down,0,PE2_2,0.00024580955505371094,2.275753974914551,9831,11.565882352941177
2,up,0,PE2_2,0.0001595020294189453,1.523472785949707,8173,9.61529411764706
0,down,0,PE2_2,0.0001747608184814453,1.9009575843811035,9943,11.69764705882353
0,up,0,PE2_2,0.00010943412780761719,1.4787623882293701,8173,9.61529411764706
1,down,0,PE2_2,0.000255584716796875,2.1681318283081055,9978,11.738823529411766
1,up,0,PE2_2,0.00010657310485839844,1.7488980293273926,8173,9.61529411764706
2,down,0,PE2_2,0.0004792213439941406,2.1234710216522217,9978,11.738823529411766
2,up,0,PE2_2,0.00010013580322265625,1.6262333393096924,8173,9.61529411764706
0,down,0,PE2_2,0.0002028942108154297,1.853606939315796,9943,11.69764705882353
0,up,0,PE2_2,0.000133514404296875,1.3843803405761719,8173,9.61529411764706
1,down,0,PE2_2,0.00018405914306640625,2.0500383377075195,9978,11.738823529411766
1,up,0,PE2_2,0.00010991096496582031,1.6463499069213867,8173,9.61529411764706
2,down,0,PE2_2,0.0002913475036621094,1.9506556987762451,9978,11.738823529411766
2,up,0,PE2_2,0.00012993812561035156,1.5192654132843018,8173,9.61529411764706
0,down,0,PE2_2,0.0002562999725341797,1.8511719703674316,9943,11.69764705882353
0,up,0,PE2_2,0.00039696693420410156,1.4050052165985107,8173,9.61529411764706
1,down,0,PE2_2,0.0003032684326171875,2.2450196743011475,9978,11.738823529411766
1,up,0,PE2_2,0.00012373924255371094,2.392914295196533,8173,9.61529411764706
2,down,0,PE2_2,0.0002491474151611328,2.279683828353882,9978,11.738823529411766
2,up,0,PE2_2,0.00016641616821289062,1.5095694065093994,8173,9.61529411764706
0,down,0,PE2_2,0.00018405914306640625,1.747211217880249,9675,11.382352941176471
0,up,0,PE2_2,0.00011992454528808594,1.6227922439575195,8173,9.61529411764706
1,down,0,PE2_2,0.00020813941955566406,1.857208013534546,9710,11.423529411764706
1,up,0,PE2_2,0.00012755393981933594,1.4304656982421875,8173,9.61529411764706
2,down,0,PE2_2,0.00025272369384765625,2.074303150177002,9710,11.423529411764706
2,up,0,PE2_2,0.0001316070556640625,1.5153846740722656,8173,9.61529411764706
0,down,0,PE2_2,0.00017523765563964844,1.7300975322723389,8422,9.908235294117647
0,up,0,PE2_2,0.0001571178436279297,1.348592758178711,6805,8.005882352941176
1,down,0,PE2_2,0.0001971721649169922,1.7204217910766602,8457,9.949411764705884
1,up,0,PE2_2,0.0001285076141357422,1.3158519268035889,6805,8.005882352941176
2,down,0,PE2_2,0.0005445480346679688,1.8386666774749756,8457,9.949411764705884
2,up,0,PE2_2,9.894371032714844e-05,1.4095332622528076,6805,8.005882352941176
0,down,0,PE2_2,0.00018334388732910156,1.7512927055358887,8422,9.908235294117647
0,up,0,PE2_2,0.0007357597351074219,1.3702502250671387,6805,8.005882352941176
1,down,0,PE2_2,0.0002434253692626953,1.8945510387420654,8457,9.949411764705884
1,up,0,PE2_2,0.00011396408081054688,1.30491042137146,6805,8.005882352941176
2,down,0,PE2_2,0.00027680397033691406,1.9985458850860596,8457,9.949411764705884
2,up,0,PE2_2,0.00019741058349609375,1.4756088256835938,6805,8.005882352941176
0,down,0,PE2_2,0.00019288063049316406,1.5332934856414795,8175,9.61764705882353
0,up,0,PE2_2,0.00010275840759277344,1.1454424858093262,6831,8.036470588235295
0,down,0,PE2_2,0.00021696090698242188,1.5210225582122803,8686,10.218823529411766
0,up,0,PE2_2,9.822845458984375e-05,1.118417501449585,6831,8.036470588235295
1,down,0,PE2_2,0.00015926361083984375,1.4618189334869385,8721,10.26
1,up,0,PE2_2,9.226799011230469e-05,1.1092331409454346,6831,8.036470588235295
2,down,0,PE2_2,0.00015354156494140625,1.4917473793029785,8721,10.26
2,up,0,PE2_2,0.00010824203491210938,1.0531103610992432,6831,8.036470588235295
0,down,0,PE2_2,0.00021767616271972656,1.5841569900512695,8461,9.954117647058824
0,up,0,PE2_2,8.821487426757812e-05,1.1047585010528564,6831,8.036470588235295
1,down,0,PE2_2,0.00017404556274414062,1.472754955291748,8496,9.99529411764706
1,up,0,PE2_2,8.344650268554688e-05,1.1600751876831055,6831,8.036470588235295
2,down,0,PE2_2,0.0001621246337890625,1.521519660949707,8496,9.99529411764706
2,up,0,PE2_2,0.0001251697540283203,1.1220638751983643,6831,8.036470588235295
0,down,0,PE2_2,0.00019621849060058594,1.569507360458374,9180,10.8
0,up,0,PE2_2,0.00010752677917480469,1.0925509929656982,6831,8.036470588235295
1,down,0,PE2_2,0.00015306472778320312,1.5232298374176025,9215,10.841176470588236
1,up,0,PE2_2,8.487701416015625e-05,1.069896936416626,6831,8.036470588235295
2,down,0,PE2_2,0.0001499652862548828,1.584601879119873,9215,10.841176470588236
2,up,0,PE2_2,8.249282836914062e-05,1.1745312213897705,6831,8.036470588235295
0,down,0,PE2_2,0.00019025802612304688,2.1253857612609863,8777,10.325882352941177
0,up,0,PE2_2,0.00018858909606933594,1.6497740745544434,6831,8.036470588235295
1,down,0,PE2_2,0.0003695487976074219,2.0763931274414062,8812,10.367058823529414
1,up,0,PE2_2,0.00013828277587890625,1.5585315227508545,6831,8.036470588235295
2,down,0,PE2_2,0.0003371238708496094,2.2726306915283203,8812,10.367058823529414
2,up,0,PE2_2,0.0001163482666015625,1.666520118713379,6831,8.036470588235295
0,down,0,PE2_2,0.0001976490020751953,1.8727648258209229,9540,11.223529411764707
0,up,0,PE2_2,9.775161743164062e-05,1.6224567890167236,7749,9.116470588235293
1,down,0,PE2_2,0.00015878677368164062,2.19262957572937,9575,11.264705882352942
1,up,0,PE2_2,0.00010347366333007812,1.5575916767120361,7749,9.116470588235293
2,down,0,PE2_2,0.000370025634765625,2.107454776763916,9575,11.264705882352942
2,up,0,PE2_2,0.00015735626220703125,1.460951805114746,7749,9.116470588235293
0,down,0,PE2_2,0.00018453598022460938,1.6558105945587158,10664,12.545882352941177
0,up,0,PE2_2,0.00013017654418945312,1.2842931747436523,9076,10.67764705882353
1,down,0,PE2_2,0.00014781951904296875,1.60970139503479,10699,12.587058823529413
1,up,0,PE2_2,0.000110626220703125,1.2681279182434082,9076,10.67764705882353
2,down,0,PE2_2,0.0001270771026611328,1.656128168106079,10699,12.587058823529413
2,up,0,PE2_2,0.00011181831359863281,1.2944600582122803,9076,10.67764705882353
0,down,0,PE2_2,0.00020503997802734375,1.8591196537017822,10196,11.99529411764706
0,up,0,PE2_2,9.131431579589844e-05,1.465898036956787,8579,10.092941176470589
0,down,0,PE2_2,0.0001823902130126953,1.9079022407531738,10196,11.99529411764706
0,up,0,PE2_2,0.00013327598571777344,1.523069143295288,8579,10.092941176470589
0,down,0,PE2_2,0.0001595020294189453,1.6249701976776123,10196,11.99529411764706
0,up,0,PE2_2,0.00012254714965820312,1.2299559116363525,8579,10.092941176470589
0,down,0,PE2_2,0.0001506805419921875,1.5600974559783936,8914,10.487058823529413
0,up,0,PE2_2,8.821487426757812e-05,1.1894385814666748,7301,8.589411764705883
1,down,0,PE2_2,0.0001881122589111328,1.619750738143921,8949,10.528235294117646
1,up,0,PE2_2,8.487701416015625e-05,1.2662010192871094,7301,8.589411764705883
2,down,0,PE2_2,0.00013566017150878906,1.713630199432373,8949,10.528235294117646
2,up,0,PE2_2,9.703636169433594e-05,1.2462718486785889,7301,8.589411764705883
0,down,0,PE2_2,0.00016045570373535156,1.6820380687713623,8914,10.487058823529413
0,up,0,PE2_2,9.560585021972656e-05,1.1443367004394531,7301,8.589411764705883
1,down,0,PE2_2,0.000225067138671875,1.61897611618042,8949,10.528235294117646
1,up,0,PE2_2,9.608268737792969e-05,1.1784374713897705,7301,8.589411764705883
2,down,0,PE2_2,0.0001800060272216797,1.6803696155548096,8949,10.528235294117646
2,up,0,PE2_2,0.00013017654418945312,1.1610474586486816,7301,8.589411764705883
0,down,0,PE2_2,0.00021386146545410156,1.6327190399169922,8847,10.408235294117647
0,up,0,PE2_2,0.00013637542724609375,1.2409589290618896,7248,8.527058823529412
1,down,0,PE2_2,0.00017189979553222656,1.5609240531921387,8882,10.449411764705884
1,up,0,PE2_2,0.00011682510375976562,1.1789534091949463,7248,8.527058823529412
2,down,0,PE2_2,0.00018072128295898438,1.636399745941162,8882,10.449411764705884
2,up,0,PE2_2,9.489059448242188e-05,1.3571646213531494,7248,8.527058823529412
0,down,0,PE2_2,0.0002002716064453125,1.6778621673583984,8847,10.408235294117647
0,up,0,PE2_2,0.00010585784912109375,1.1769440174102783,7248,8.527058823529412
1,down,0,PE2_2,0.00019431114196777344,1.6360037326812744,8882,10.449411764705884
1,up,0,PE2_2,0.00010466575622558594,1.2840471267700195,7248,8.527058823529412
2,down,0,PE2_2,0.00017070770263671875,1.523136854171753,8882,10.449411764705884
2,up,0,PE2_2,7.748603820800781e-05,1.1555202007293701,7248,8.527058823529412
0,down,0,PE2_2,0.00014591217041015625,1.6863532066345215,8847,10.408235294117647
0,up,0,PE2_2,0.00011587142944335938,1.238182783126831,7248,8.527058823529412
1,down,0,PE2_2,0.0001544952392578125,1.6831622123718262,8882,10.449411764705884
1,up,0,PE2_2,9.441375732421875e-05,1.378960132598877,7248,8.527058823529412
2,down,0,PE2_2,0.00014448165893554688,1.6189231872558594,8882,10.449411764705884
2,up,0,PE2_2,9.584426879882812e-05,1.358140230178833,7248,8.527058823529412
0,down,0,PE2_2,0.0001583099365234375,1.6971299648284912,8847,10.408235294117647
0,up,0,PE2_2,0.00011086463928222656,1.2484056949615479,7248,8.527058823529412
1,down,0,PE2_2,0.00016379356384277344,1.5124459266662598,8882,10.449411764705884
1,up,0,PE2_2,9.894371032714844e-05,1.1809899806976318,7248,8.527058823529412
2,down,0,PE2_2,0.00014090538024902344,1.6356866359710693,8882,10.449411764705884
2,up,0,PE2_2,9.799003601074219e-05,1.2066659927368164,7248,8.527058823529412
0,down,0,PE2_2,0.0002429485321044922,1.539400339126587,8847,10.408235294117647
0,up,0,PE2_2,0.00010991096496582031,1.3127713203430176,7248,8.527058823529412
1,down,0,PE2_2,0.0001361370086669922,1.570265531539917,8882,10.449411764705884
1,up,0,PE2_2,0.00011348724365234375,1.1511595249176025,7248,8.527058823529412
2,down,0,PE2_2,0.00014400482177734375,1.5554614067077637,8882,10.449411764705884
2,up,0,PE2_2,9.393692016601562e-05,1.142789602279663,7248,8.527058823529412
0,down,0,PE2_2,0.0001537799835205078,1.5116395950317383,8847,10.408235294117647
0,up,0,PE2_2,0.00010418891906738281,1.1310150623321533,7248,8.527058823529412
1,down,0,PE2_2,0.0001347064971923828,1.7627978324890137,8882,10.449411764705884
1,up,0,PE2_2,8.988380432128906e-05,1.1619837284088135,7248,8.527058823529412
2,down,0,PE2_2,0.0001595020294189453,1.5401926040649414,8882,10.449411764705884
2,up,0,PE2_2,8.869171142578125e-05,1.130617380142212,7248,8.527058823529412
0,down,0,PE2_2,0.00017642974853515625,1.6950938701629639,8847,10.408235294117647
0,up,0,PE2_2,0.00010037422180175781,1.1311180591583252,7248,8.527058823529412
1,down,0,PE2_2,0.00017333030700683594,1.6426892280578613,8882,10.449411764705884
1,up,0,PE2_2,9.703636169433594e-05,1.1627447605133057,7248,8.527058823529412
2,down,0,PE2_2,0.00022292137145996094,1.5055537223815918,8882,10.449411764705884
2,up,0,PE2_2,0.00011301040649414062,1.1087241172790527,7248,8.527058823529412
0,down,0,PE4_4,0.00015234947204589844,1.441352367401123,800,0.9411764705882354
0,up,0,PE4_4,0.0001220703125,1.9007160663604736,7066,8.31294117647059
0,down,0,PE4_4,0.00017905235290527344,1.4940259456634521,956,1.1247058823529412
0,up,0,PE4_4,0.00013256072998046875,1.8902204036712646,7067,8.314117647058824
0,down,0,PE4_4,0.00018262863159179688,1.3032608032226562,613,0.7211764705882354
0,up,0,PE4_4,0.00010609626770019531,1.8046891689300537,7899,9.29294117647059
1,down,0,PE4_4,0.0001678466796875,1.2860972881317139,613,0.7211764705882354
1,up,0,PE4_4,9.202957153320312e-05,1.8163201808929443,7899,9.29294117647059
2,down,0,PE4_4,0.00015974044799804688,1.2796413898468018,613,0.7211764705882354
2,up,0,PE4_4,9.226799011230469e-05,1.8152947425842285,7899,9.29294117647059
3,down,0,PE4_4,0.0001544952392578125,1.26485013961792,613,0.7211764705882354
3,up,0,PE4_4,0.00011467933654785156,1.7989544868469238,7899,9.29294117647059
4,down,0,PE4_4,0.00022649765014648438,1.2816975116729736,613,0.7211764705882354
4,up,0,PE4_4,9.751319885253906e-05,1.7946686744689941,7899,9.29294117647059
5,down,0,PE4_4,0.00018715858459472656,1.2737839221954346,613,0.7211764705882354
5,up,0,PE4_4,9.34600830078125e-05,2.0155296325683594,7899,9.29294117647059
6,down,0,PE4_4,0.0001590251922607422,1.2946364879608154,613,0.7211764705882354
6,up,0,PE4_4,9.34600830078125e-05,1.9573290348052979,7899,9.29294117647059
7,down,0,PE4_4,0.0001823902130126953,1.3362681865692139,613,0.7211764705882354
7,up,0,PE4_4,9.274482727050781e-05,1.8455052375793457,7899,9.29294117647059
8,down,0,PE4_4,0.0002040863037109375,1.362043857574463,613,0.7211764705882354
8,up,0,PE4_4,9.226799011230469e-05,1.8634328842163086,7899,9.29294117647059
9,down,0,PE4_4,0.0001595020294189453,1.3717784881591797,613,0.7211764705882354
9,up,0,PE4_4,0.00011467933654785156,1.9098453521728516,7899,9.29294117647059
10,down,0,PE4_4,0.00025534629821777344,1.340501070022583,613,0.7211764705882354
10,up,0,PE4_4,9.5367431640625e-05,1.9459598064422607,7899,9.29294117647059
11,down,0,PE4_4,0.00015664100646972656,1.5063204765319824,613,0.7211764705882354
11,up,0,PE4_4,0.00010991096496582031,1.95460844039917,7899,9.29294117647059
12,down,0,PE4_4,0.0002295970916748047,1.4535746574401855,613,0.7211764705882354
12,up,0,PE4_4,0.00011777877807617188,2.076324462890625,7899,9.29294117647059
13,down,0,PE4_4,0.00026106834411621094,1.4961822032928467,613,0.7211764705882354
13,up,0,PE4_4,0.00010228157043457031,1.958427906036377,7899,9.29294117647059
14,down,0,PE4_4,0.00015354156494140625,1.4610965251922607,613,0.7211764705882354
14,up,0,PE4_4,0.00010156631469726562,2.0223817825317383,7899,9.29294117647059
15,down,0,PE4_4,0.00017499923706054688,1.4422497749328613,613,0.7211764705882354
15,up,0,PE4_4,0.00012826919555664062,2.0175960063934326,7899,9.29294117647059
16,down,0,PE4_4,0.0005571842193603516,1.531702995300293,613,0.7211764705882354
16,up,0,PE4_4,0.00010704994201660156,2.1281931400299072,7899,9.29294117647059
17,down,0,PE4_4,0.0002009868621826172,1.5075271129608154,613,0.7211764705882354
17,up,0,PE4_4,0.00011277198791503906,2.102861166000366,7899,9.29294117647059
18,down,0,PE4_4,0.0001685619354248047,1.4140145778656006,613,0.7211764705882354
18,up,0,PE4_4,0.00012373924255371094,2.1874804496765137,7899,9.29294117647059
19,down,0,PE4_4,0.00022220611572265625,1.5475478172302246,613,0.7211764705882354
19,up,0,PE4_4,0.0001163482666015625,2.2119557857513428,7899,9.29294117647059
0,down,0,PE4_4,0.00019860267639160156,2.3653132915496826,9462,11.131764705882354
0,up,0,PE4_4,0.00012540817260742188,1.8748846054077148,8012,9.425882352941176
1,down,0,PE4_4,0.000179290771484375,2.398237943649292,9477,11.149411764705883
1,up,0,PE4_4,0.0001327991485595703,1.8604211807250977,8012,9.425882352941176
2,down,0,PE4_4,0.00018262863159179688,2.440176486968994,9477,11.149411764705883
2,up,0,PE4_4,9.512901306152344e-05,1.931762456893921,8012,9.425882352941176
0,down,0,PE4_4,0.00020575523376464844,2.347585916519165,9462,11.131764705882354
0,up,0,PE4_4,0.00010991096496582031,1.8320324420928955,8012,9.425882352941176
1,down,0,PE4_4,0.00020742416381835938,2.3314390182495117,9477,11.149411764705883
1,up,0,PE4_4,0.00012755393981933594,1.8644909858703613,8012,9.425882352941176
2,down,0,PE4_4,0.00018143653869628906,2.3451554775238037,9477,11.149411764705883
2,up,0,PE4_4,0.00010132789611816406,1.8433635234832764,8012,9.425882352941176
0,down,0,PE4_4,0.00020837783813476562,2.326791524887085,9462,11.131764705882354
0,up,0,PE4_4,0.0004928112030029297,1.806899070739746,8012,9.425882352941176
1,down,0,PE4_4,0.00016689300537109375,2.3540701866149902,9477,11.149411764705883
1,up,0,PE4_4,9.894371032714844e-05,1.8401763439178467,8012,9.425882352941176
2,down,0,PE4_4,0.0001914501190185547,2.379673719406128,9477,11.149411764705883
2,up,0,PE4_4,9.703636169433594e-05,1.8645341396331787,8012,9.425882352941176
0,down,0,PE4_4,0.0002155303955078125,3.8325438499450684,9462,11.131764705882354
0,up,0,PE4_4,0.00010967254638671875,1.8328211307525635,8012,9.425882352941176
1,down,0,PE4_4,0.00017976760864257812,2.3295252323150635,9477,11.149411764705883
1,up,0,PE4_4,8.845329284667969e-05,1.8109562397003174,8012,9.425882352941176
2,down,0,PE4_4,0.00017595291137695312,2.34468412399292,9477,11.149411764705883
2,up,0,PE4_4,9.441375732421875e-05,1.8573143482208252,8012,9.425882352941176
0,down,0,PE4_4,0.0002071857452392578,2.3552777767181396,9462,11.131764705882354
0,up,0,PE4_4,0.00010085105895996094,1.8608839511871338,8012,9.425882352941176
1,down,0,PE4_4,0.0002334117889404297,2.310837984085083,9477,11.149411764705883
1,up,0,PE4_4,0.00010180473327636719,1.8201005458831787,8012,9.425882352941176
2,down,0,PE4_4,0.0001823902130126953,2.3321309089660645,9477,11.149411764705883
2,up,0,PE4_4,0.00010180473327636719,1.8233447074890137,8012,9.425882352941176
0,down,0,PE4_4,0.0001647472381591797,2.3580214977264404,9715,11.429411764705883
0,up,0,PE4_4,0.00010085105895996094,1.914515495300293,8267,9.725882352941177
1,down,0,PE4_4,0.00016498565673828125,2.467350959777832,9730,11.447058823529414
1,up,0,PE4_4,0.00010275840759277344,2.0192198753356934,8267,9.725882352941177
2,down,0,PE4_4,0.00020503997802734375,2.5237536430358887,9730,11.447058823529414
2,up,0,PE4_4,0.00010323524475097656,1.9664306640625,8267,9.725882352941177
0,down,0,PE4_4,0.00020551681518554688,2.360494613647461,9715,11.429411764705883
0,up,0,PE4_4,0.0001709461212158203,1.8663785457611084,8267,9.725882352941177
1,down,0,PE4_4,0.0002334117889404297,2.435391902923584,9730,11.447058823529414
1,up,0,PE4_4,0.0001361370086669922,1.8758606910705566,8267,9.725882352941177
2,down,0,PE4_4,0.00022363662719726562,2.494670867919922,9730,11.447058823529414
2,up,0,PE4_4,0.00010800361633300781,1.9679925441741943,8267,9.725882352941177
0,down,0,PE4_4,0.0002110004425048828,2.3965559005737305,9715,11.429411764705883
0,up,0,PE4_4,9.012222290039062e-05,1.8373363018035889,8267,9.725882352941177
1,down,0,PE4_4,0.0002148151397705078,2.4097232818603516,9730,11.447058823529414
1,up,0,PE4_4,0.0001285076141357422,1.845308542251587,8267,9.725882352941177
2,down,0,PE4_4,0.00016999244689941406,2.3874125480651855,9730,11.447058823529414
2,up,0,PE4_4,0.00011372566223144531,1.8661763668060303,8267,9.725882352941177
0,down,0,PE4_4,0.00021767616271972656,7.866507530212402,15305,18.00588235294118
0,down,0,PE4_4,0.00018167495727539062,8.66390585899353,15305,18.00588235294118
0,down,0,PE4_4,0.0002503395080566406,9.268831014633179,15305,18.00588235294118
0,down,0,PE4_4,0.00023055076599121094,8.602728605270386,15305,18.00588235294118
0,down,0,PE4_4,0.0001933574676513672,6.819559097290039,15376,18.089411764705883
0,down,0,PE4_4,0.00022673606872558594,4.394689083099365,15411,18.13058823529412
0,down,0,PE4_4,0.0001857280731201172,4.335958480834961,15411,18.13058823529412
0,down,0,PE4_4,0.0001971721649169922,4.420883893966675,16452,19.35529411764706
0,down,0,PE4_4,0.00018835067749023438,7.5103020668029785,36857,43.36117647058824
0,down,0,PE4_4,0.0001888275146484375,7.53509259223938,36919,43.43411764705883
0,down,0,PE4_4,0.00020647048950195312,8.421374559402466,36919,43.43411764705883
0,down,0,PE4_4,0.0002315044403076172,7.648223161697388,36919,43.43411764705883
0,down,0,PE4_4,0.00020647048950195312,8.03344988822937,37041,43.57764705882353
0,down,0,PE4_4,0.00020623207092285156,8.516690731048584,37041,43.57764705882353
0,down,0,PE4_4,0.00016236305236816406,7.777734279632568,38290,45.04705882352941
0,down,0,PE4_4,0.00019669532775878906,4.275846481323242,17870,21.023529411764706
0,down,0,PE4_4,0.0002181529998779297,4.392098426818848,17870,21.023529411764706
0,down,0,PE4_4,0.00022912025451660156,4.4746174812316895,17870,21.023529411764706
0,down,0,PE4_4,0.0002071857452392578,4.6397294998168945,17872,21.025882352941178
0,down,0,PE4_4,0.00020456314086914062,4.487951993942261,17872,21.025882352941178
0,down,0,PE4_4,0.00026869773864746094,5.006061315536499,17872,21.025882352941178
0,down,0,PE4_4,0.00022602081298828125,4.3698811531066895,17872,21.025882352941178
0,down,0,PE4_4,0.0002703666687011719,4.561920881271362,17872,21.025882352941178
0,down,0,PE4_4,0.0002276897430419922,4.357731580734253,17872,21.025882352941178
0,down,0,PE4_4,0.0002651214599609375,3.990746021270752,4414,5.192941176470589
0,down,1,PE4_4,0.00020241737365722656,1.8200747966766357,1410,1.6588235294117646
0,down,0,PE4_4,0.00019812583923339844,4.026283025741577,4417,5.196470588235295
0,down,1,PE4_4,0.0001976490020751953,1.8799035549163818,1412,1.6611764705882355
0,down,0,PE4_4,0.0001995563507080078,3.9984240531921387,4417,5.196470588235295
0,down,0,PE4_4,0.0002048015594482422,4.841646432876587,4417,5.196470588235295
0,down,1,PE4_4,0.00016045570373535156,1.963759422302246,1412,1.6611764705882355
0,down,0,PE4_4,0.0002913475036621094,4.191050052642822,4415,5.194117647058824
0,down,1,PE4_4,0.0001392364501953125,1.9221277236938477,1411,1.6600000000000001
0,down,0,PE4_4,0.00020265579223632812,4.02967095375061,4415,5.194117647058824
0,down,1,PE4_4,0.00019788742065429688,1.7984583377838135,1411,1.6600000000000001
0,down,0,PE4_4,0.00020313262939453125,4.288697004318237,4415,5.194117647058824
0,down,1,PE4_4,0.0002079010009765625,2.092111825942993,1411,1.6600000000000001
0,down,0,PE4_4,0.0002276897430419922,4.0236735343933105,4415,5.194117647058824
0,down,1,PE4_4,0.00013947486877441406,1.8126957416534424,1411,1.6600000000000001
0,down,0,PE4_4,0.00019860267639160156,4.486814975738525,4417,5.196470588235295
0,down,1,PE4_4,0.00023746490478515625,1.816136360168457,1412,1.6611764705882355
0,down,0,PE4_4,0.00020694732666015625,4.6034698486328125,4477,5.267058823529412
0,down,1,PE4_4,0.00020694732666015625,2.04329252243042,1473,1.7329411764705884
0,down,0,PE2_2,0.0002090930938720703,3.9688456058502197,6959,8.187058823529412
0,down,1,PE2_2,0.0001888275146484375,1.1551613807678223,1899,2.2341176470588233
0,down,0,PE2_2,0.00021076202392578125,4.385913848876953,4702,5.531764705882353
0,down,1,PE2_2,0.0002770423889160156,1.1868832111358643,1502,1.7670588235294118
0,down,0,PE2_2,0.0001556873321533203,3.5720231533050537,4702,5.531764705882353
0,down,1,PE2_2,0.0002703666687011719,1.232429027557373,1502,1.7670588235294118
0,down,0,PE2_2,0.00022649765014648438,4.556231498718262,4702,5.531764705882353
0,down,1,PE2_2,0.0002200603485107422,1.1149427890777588,1502,1.7670588235294118
0,down,0,PE2_2,0.00018787384033203125,4.2671120166778564,4702,5.531764705882353
0,down,1,PE2_2,0.00018405914306640625,1.1280641555786133,1502,1.7670588235294118
0,down,0,PE2_2,0.0001609325408935547,3.5923655033111572,4702,5.531764705882353
0,down,1,PE2_2,0.00020599365234375,1.1734282970428467,1502,1.7670588235294118
0,down,0,PE2_2,0.0002028942108154297,3.454493284225464,4643,5.462352941176471
0,down,1,PE2_2,0.00015163421630859375,2.025804042816162,1172,1.3788235294117646
0,down,0,PE2_2,0.0002598762512207031,3.48457670211792,4643,5.462352941176471
0,down,1,PE2_2,0.00021886825561523438,1.008368730545044,1172,1.3788235294117646
0,down,0,PE2_2,0.00015783309936523438,3.5230488777160645,4643,5.462352941176471
0,down,1,PE2_2,0.0001423358917236328,1.0117909908294678,1172,1.3788235294117646
0,down,0,PE2_2,0.0002048015594482422,3.5091373920440674,4620,5.435294117647059
0,down,1,PE2_2,0.00016546249389648438,1.0493106842041016,1231,1.448235294117647
0,down,0,PE2_2,0.00016760826110839844,3.4937939643859863,4619,5.434117647058824
0,down,1,PE2_2,0.000156402587890625,1.0563397407531738,1230,1.4470588235294117
0,down,0,PE2_2,0.00018334388732910156,3.464669942855835,4619,5.434117647058824
0,down,1,PE2_2,0.00016546249389648438,1.0451197624206543,1230,1.4470588235294117
0,down,0,PE2_2,0.0001773834228515625,3.5000033378601074,4644,5.463529411764706
0,down,1,PE2_2,0.00019359588623046875,1.0383524894714355,1177,1.3847058823529412
0,down,0,PE2_2,0.00018095970153808594,3.662303924560547,4644,5.463529411764706
0,down,1,PE2_2,0.00014925003051757812,1.0645558834075928,1173,1.3800000000000001
0,down,0,PE2_2,0.00015687942504882812,4.344656705856323,4644,5.463529411764706
0,down,1,PE2_2,0.0001628398895263672,1.0058352947235107,1177,1.3847058823529412
0,down,0,PE2_2,0.00018835067749023438,6.954008340835571,4644,5.463529411764706
0,down,1,PE2_2,0.00019931793212890625,1.931445598602295,1173,1.3800000000000001
0,down,0,PE2_2,0.00023245811462402344,6.220688819885254,4644,5.463529411764706
0,down,1,PE2_2,0.0003235340118408203,2.851597547531128,1177,1.3847058823529412
0,down,0,PE2_2,0.00017786026000976562,4.203386068344116,4644,5.463529411764706
0,down,1,PE2_2,0.00015926361083984375,1.2402215003967285,1177,1.3847058823529412
0,down,0,PE2_2,0.00018405914306640625,4.163209438323975,4617,5.431764705882353
0,down,1,PE2_2,0.00016069412231445312,1.2549126148223877,1240,1.4588235294117646
0,down,0,PE2_2,0.00023055076599121094,4.062215805053711,4617,5.431764705882353
0,down,1,PE2_2,0.00013899803161621094,1.2206320762634277,1240,1.4588235294117646
0,down,0,PE2_2,0.00021314620971679688,4.223889589309692,4617,5.431764705882353
0,down,1,PE2_2,0.0001480579376220703,1.2456023693084717,1240,1.4588235294117646
0,down,0,PE2_2,0.000240325927734375,11.437532186508179,73931,86.97764705882354
0,down,1,PE2_2,0.00013113021850585938,1.3920960426330566,2525,2.9705882352941178
0,down,0,PE2_2,0.0001938343048095703,8.408209085464478,73931,86.97764705882354
0,down,1,PE2_2,0.0001385211944580078,1.0400333404541016,2525,2.9705882352941178
0,down,0,PE2_2,0.00018715858459472656,8.454068422317505,72329,85.09294117647059
0,down,1,PE2_2,0.0001590251922607422,0.9937784671783447,2305,2.711764705882353
0,down,0,PE2_2,0.00022554397583007812,8.579073905944824,72329,85.09294117647059
0,down,1,PE2_2,0.00013875961303710938,0.987645149230957,2305,2.711764705882353
0,down,0,PE2_2,0.0001964569091796875,8.342937469482422,72329,85.09294117647059
0,down,1,PE2_2,0.000194549560546875,0.9603862762451172,2305,2.711764705882353
0,down,0,PE2_2,0.000202178955078125,8.544259071350098,72329,85.09294117647059
0,down,1,PE2_2,0.00021123886108398438,0.9422276020050049,2305,2.711764705882353
0,down,0,PE2_2,0.00019478797912597656,8.404951333999634,72329,85.09294117647059
0,down,1,PE2_2,0.0001964569091796875,0.989055871963501,2305,2.711764705882353
0,down,0,PE2_2,0.00021123886108398438,8.451515436172485,73259,86.18705882352941
0,down,1,PE2_2,0.00020766258239746094,0.9846458435058594,2305,2.711764705882353
0,down,0,PE2_2,0.0002181529998779297,8.348740100860596,73259,86.18705882352941
0,down,1,PE2_2,0.0002765655517578125,0.9734816551208496,2305,2.711764705882353
0,down,0,PE2_2,0.0001926422119140625,8.366899967193604,73259,86.18705882352941
0,down,1,PE2_2,0.00014853477478027344,0.9820437431335449,2305,2.711764705882353
0,down,0,PE2_2,0.00028777122497558594,8.963678121566772,73259,86.18705882352941
0,down,1,PE2_2,0.0001926422119140625,1.081833839416504,2305,2.711764705882353
0,down,0,PE2_2,0.00018072128295898438,9.543128490447998,73259,86.18705882352941
0,down,1,PE2_2,0.0001690387725830078,1.0336580276489258,2305,2.711764705882353
0,down,0,PE2_2,0.00016641616821289062,9.262677669525146,73259,86.18705882352941
0,down,1,PE2_2,0.0001819133758544922,1.050987958908081,2305,2.711764705882353
0,down,0,PE2_2,0.0001957416534423828,9.161855697631836,73259,86.18705882352941
0,down,1,PE2_2,0.00015401840209960938,1.032393217086792,2305,2.711764705882353
0,down,0,PE2_2,0.00033783912658691406,9.753533601760864,73259,86.18705882352941
0,down,1,PE2_2,0.00021028518676757812,1.0245211124420166,2305,2.711764705882353
0,down,0,PE2_2,0.0002067089080810547,9.193960428237915,73259,86.18705882352941
0,down,1,PE2_2,0.00012731552124023438,1.0311651229858398,2305,2.711764705882353
0,down,0,PE2_2,0.0002067089080810547,8.800709247589111,73259,86.18705882352941
0,down,1,PE2_2,0.00015926361083984375,1.0429935455322266,2305,2.711764705882353
0,down,0,PE2_2,0.0002281665802001953,10.69370150566101,73259,86.18705882352941
0,down,1,PE2_2,0.00016546249389648438,1.315553903579712,2305,2.711764705882353
0,down,0,PE2_2,0.00021576881408691406,8.933605432510376,73259,86.18705882352941
0,down,1,PE2_2,0.00020194053649902344,1.3947789669036865,2305,2.711764705882353
0,down,0,PE2_2,0.0002262592315673828,9.043233633041382,73259,86.18705882352941
0,down,1,PE2_2,0.0001747608184814453,1.0331311225891113,2305,2.711764705882353
0,down,0,PE2_2,0.00016951560974121094,9.380697965621948,73259,86.18705882352941
0,down,1,PE2_2,0.00016188621520996094,1.0404086112976074,2305,2.711764705882353
0,down,0,PE2_2,0.00020170211791992188,9.30601692199707,73259,86.18705882352941
0,down,1,PE2_2,0.0001838207244873047,1.0832388401031494,2305,2.711764705882353
0,down,0,PE2_2,0.0002205371856689453,9.644728899002075,73259,86.18705882352941
0,down,1,PE2_2,0.00015735626220703125,1.0357873439788818,2305,2.711764705882353
0,down,0,PE2_2,0.0001971721649169922,9.189212560653687,73259,86.18705882352941
0,down,1,PE2_2,0.00021386146545410156,1.1533417701721191,2305,2.711764705882353
0,down,0,PE2_2,0.00018668174743652344,9.874089479446411,73259,86.18705882352941
0,down,1,PE2_2,0.0002105236053466797,1.136721134185791,2305,2.711764705882353
0,down,0,PE2_2,0.00023365020751953125,9.860813856124878,73259,86.18705882352941
0,down,1,PE2_2,0.0001735687255859375,1.1110827922821045,2305,2.711764705882353
0,down,0,PE2_2,0.00018477439880371094,9.60498571395874,73259,86.18705882352941
0,down,1,PE2_2,0.00017595291137695312,1.0793211460113525,2305,2.711764705882353
0,down,0,PE4_4,0.00020503997802734375,11.706557512283325,29267,34.43176470588236
0,down,1,PE4_4,0.00016307830810546875,5.580524206161499,8058,9.48
0,down,2,PE4_4,0.0001895427703857422,3.991095542907715,3493,4.109411764705883
0,down,3,PE4_4,0.0002522468566894531,4.424065589904785,2371,2.7894117647058825
0,down,4,PE4_4,0.00016617774963378906,3.096007823944092,1627,1.9141176470588237
0,down,0,PE4_4,0.00021767616271972656,11.378752946853638,29267,34.43176470588236
0,down,1,PE4_4,0.0001811981201171875,5.47547721862793,8058,9.48
0,down,2,PE4_4,0.0002281665802001953,4.196324586868286,3493,4.109411764705883
0,down,3,PE4_4,0.0001575946807861328,3.8242695331573486,2371,2.7894117647058825
0,down,4,PE4_4,0.00018835067749023438,3.213718891143799,1627,1.9141176470588237
0,down,0,PE4_4,0.00022721290588378906,5.470258474349976,3263,3.8388235294117647
0,down,1,PE4_4,0.0001804828643798828,3.532482385635376,1499,1.7635294117647058
0,down,2,PE4_4,0.0001819133758544922,3.1347885131835938,1232,1.4494117647058824
0,down,3,PE4_4,0.00020837783813476562,3.2607486248016357,1126,1.3247058823529412
0,down,4,PE4_4,0.00019431114196777344,3.0928218364715576,1024,1.2047058823529413
0,down,0,PE2_2,0.00018835067749023438,3.0675644874572754,5495,6.464705882352941
0,down,1,PE2_2,0.0001506805419921875,0.9550986289978027,1064,1.251764705882353
0,down,0,PE2_2,0.00016260147094726562,3.1679584980010986,5495,6.464705882352941
0,down,1,PE2_2,0.00014662742614746094,0.8789465427398682,1064,1.251764705882353
0,down,0,PE2_2,0.00023031234741210938,3.072239398956299,5495,6.464705882352941
0,down,1,PE2_2,0.00015163421630859375,0.9201180934906006,1064,1.251764705882353
